month_start,year,month,borough,sales_count,median_sale_price
2016-01-01,2016,1,1,1489,960000.0
2016-01-01,2016,1,2,404,382000.0
2016-01-01,2016,1,3,1179,700000.0
2016-01-01,2016,1,4,1354,453250.0
2016-01-01,2016,1,5,421,410000.0
2016-02-01,2016,2,1,1345,915834.0
2016-02-01,2016,2,2,414,365350.0
2016-02-01,2016,2,3,1215,700000.0
2016-02-01,2016,2,4,1447,440000.0
2016-02-01,2016,2,5,450,413000.0
2016-03-01,2016,3,1,1598,787500.0
2016-03-01,2016,3,2,477,400000.0
2016-03-01,2016,3,3,1340,680000.0
2016-03-01,2016,3,4,1595,420000.0
2016-03-01,2016,3,5,449,399000.0
2016-04-01,2016,4,1,1326,899500.0
2016-04-01,2016,4,2,428,390000.0
2016-04-01,2016,4,3,1127,659000.0
2016-04-01,2016,4,4,1321,440000.0
2016-04-01,2016,4,5,467,397000.0
2016-05-01,2016,5,1,1467,1100000.0
2016-05-01,2016,5,2,415,370000.0
2016-05-01,2016,5,3,1318,692575.0
2016-05-01,2016,5,4,1495,456300.0
2016-05-01,2016,5,5,422,399000.0
2016-06-01,2016,6,1,1721,952063.0
2016-06-01,2016,6,2,525,375000.0
2016-06-01,2016,6,3,1530,700000.0
2016-06-01,2016,6,4,1621,450000.0
2016-06-01,2016,6,5,593,415000.0
2016-07-01,2016,7,1,1589,850000.0
2016-07-01,2016,7,2,413,380000.0
2016-07-01,2016,7,3,1261,715000.0
2016-07-01,2016,7,4,1432,460000.0
2016-07-01,2016,7,5,544,430000.0
2016-08-01,2016,8,1,1503,976501.0
2016-08-01,2016,8,2,428,366250.0
2016-08-01,2016,8,3,1478,700000.0
2016-08-01,2016,8,4,1804,463000.0
2016-08-01,2016,8,5,675,435000.0
2016-09-01,2016,9,1,1341,979000.0
2016-09-01,2016,9,2,473,380000.0
2016-09-01,2016,9,3,1443,730000.0
2016-09-01,2016,9,4,1613,466000.0
2016-09-01,2016,9,5,591,447500.0
2016-10-01,2016,10,1,1058,1036250.0
2016-10-01,2016,10,2,421,385000.0
2016-10-01,2016,10,3,1112,725000.0
2016-10-01,2016,10,4,1487,493500.0
2016-10-01,2016,10,5,494,460000.0
2016-11-01,2016,11,1,1033,1076000.0
2016-11-01,2016,11,2,405,405000.0
2016-11-01,2016,11,3,1209,721640.0
2016-11-01,2016,11,4,1573,479500.0
2016-11-01,2016,11,5,530,456250.0
2016-12-01,2016,12,1,1240,1150000.0
2016-12-01,2016,12,2,453,400000.0
2016-12-01,2016,12,3,1426,734500.0
2016-12-01,2016,12,4,1677,480000.0
2016-12-01,2016,12,5,536,450000.0
2017-01-01,2017,1,1,1234,1197000.0
2017-01-01,2017,1,2,385,380000.0
2017-01-01,2017,1,3,1284,740000.0
2017-01-01,2017,1,4,1475,478000.0
2017-01-01,2017,1,5,526,450000.0
2017-02-01,2017,2,1,1057,1049490.0
2017-02-01,2017,2,2,403,392000.0
2017-02-01,2017,2,3,1200,761843.5
2017-02-01,2017,2,4,1350,469387.5
2017-02-01,2017,2,5,467,450000.0
2017-03-01,2017,3,1,1153,1125000.0
2017-03-01,2017,3,2,464,390000.0
2017-03-01,2017,3,3,1461,725000.0
2017-03-01,2017,3,4,1695,475000.0
2017-03-01,2017,3,5,561,465000.0
2017-04-01,2017,4,1,1040,1217500.0
2017-04-01,2017,4,2,473,385000.0
2017-04-01,2017,4,3,1158,750000.0
2017-04-01,2017,4,4,1398,482325.0
2017-04-01,2017,4,5,486,460000.0
2017-05-01,2017,5,1,1368,1189505.5
2017-05-01,2017,5,2,472,400000.0
2017-05-01,2017,5,3,1363,760000.0
2017-05-01,2017,5,4,1640,490000.0
2017-05-01,2017,5,5,523,455000.0
2017-06-01,2017,6,1,1571,1240000.0
2017-06-01,2017,6,2,539,400000.0
2017-06-01,2017,6,3,1653,800000.0
2017-06-01,2017,6,4,1806,533314.5
2017-06-01,2017,6,5,615,485000.0
2017-07-01,2017,7,1,1208,1225000.0
2017-07-01,2017,7,2,436,415000.0
2017-07-01,2017,7,3,1305,795000.0
2017-07-01,2017,7,4,1522,540000.0
2017-07-01,2017,7,5,500,475000.0
2017-08-01,2017,8,1,1547,1165000.0
2017-08-01,2017,8,2,500,410000.0
2017-08-01,2017,8,3,1579,770000.0
2017-08-01,2017,8,4,1874,540000.0
2017-08-01,2017,8,5,676,485000.0
2017-09-01,2017,9,1,1168,1111250.0
2017-09-01,2017,9,2,465,430000.0
2017-09-01,2017,9,3,1260,770769.5
2017-09-01,2017,9,4,1588,534000.0
2017-09-01,2017,9,5,552,504950.0
2017-10-01,2017,10,1,1125,999000.0
2017-10-01,2017,10,2,545,405000.0
2017-10-01,2017,10,3,1248,736555.5
2017-10-01,2017,10,4,1762,545000.0
2017-10-01,2017,10,5,665,495000.0
2017-11-01,2017,11,1,1026,1147500.0
2017-11-01,2017,11,2,491,405000.0
2017-11-01,2017,11,3,1266,734070.0
2017-11-01,2017,11,4,1536,550000.0
2017-11-01,2017,11,5,542,480000.0
2017-12-01,2017,12,1,1201,1225000.0
2017-12-01,2017,12,2,488,456500.0
2017-12-01,2017,12,3,1321,763687.0
2017-12-01,2017,12,4,1594,550000.0
2017-12-01,2017,12,5,582,488818.0
2018-01-01,2018,1,1,1034,1100000.0
2018-01-01,2018,1,2,470,425000.0
2018-01-01,2018,1,3,1249,800000.0
2018-01-01,2018,1,4,1563,505000.0
2018-01-01,2018,1,5,516,505993.0
2018-02-01,2018,2,1,904,1186307.5
2018-02-01,2018,2,2,427,415000.0
2018-02-01,2018,2,3,1060,799500.0
2018-02-01,2018,2,4,1389,545000.0
2018-02-01,2018,2,5,481,515000.0
2018-03-01,2018,3,1,1076,1127628.5
2018-03-01,2018,3,2,496,453875.5
2018-03-01,2018,3,3,1269,760000.0
2018-03-01,2018,3,4,1492,535000.0
2018-03-01,2018,3,5,474,497000.0
2018-04-01,2018,4,1,1026,1200000.0
2018-04-01,2018,4,2,393,400000.0
2018-04-01,2018,4,3,1111,730000.0
2018-04-01,2018,4,4,1435,530000.0
2018-04-01,2018,4,5,500,510000.0
2018-05-01,2018,5,1,1174,1100000.0
2018-05-01,2018,5,2,519,430000.0
2018-05-01,2018,5,3,1365,795000.0
2018-05-01,2018,5,4,1535,550000.0
2018-05-01,2018,5,5,567,499000.0
2018-06-01,2018,6,1,1274,1100000.0
2018-06-01,2018,6,2,506,430000.0
2018-06-01,2018,6,3,1446,792500.0
2018-06-01,2018,6,4,1667,540000.0
2018-06-01,2018,6,5,566,520000.0
2018-07-01,2018,7,1,1215,1188000.0
2018-07-01,2018,7,2,522,439000.0
2018-07-01,2018,7,3,1311,825000.0
2018-07-01,2018,7,4,1601,550000.0
2018-07-01,2018,7,5,580,529745.0
2018-08-01,2018,8,1,1290,1120000.0
2018-08-01,2018,8,2,551,422568.0
2018-08-01,2018,8,3,1345,800000.0
2018-08-01,2018,8,4,1663,570000.0
2018-08-01,2018,8,5,584,522000.0
2018-09-01,2018,9,1,962,1165000.0
2018-09-01,2018,9,2,462,460000.0
2018-09-01,2018,9,3,1083,800000.0
2018-09-01,2018,9,4,1363,560000.0
2018-09-01,2018,9,5,475,510000.0
2018-10-01,2018,10,1,1115,1030000.0
2018-10-01,2018,10,2,517,460000.0
2018-10-01,2018,10,3,1323,750600.0
2018-10-01,2018,10,4,1653,550000.0
2018-10-01,2018,10,5,578,525000.0
2018-11-01,2018,11,1,896,1150000.0
2018-11-01,2018,11,2,424,460685.0
2018-11-01,2018,11,3,1136,771000.0
2018-11-01,2018,11,4,1446,560750.0
2018-11-01,2018,11,5,497,545000.0
2018-12-01,2018,12,1,1108,1245000.0
2018-12-01,2018,12,2,484,519653.5
2018-12-01,2018,12,3,1168,795000.0
2018-12-01,2018,12,4,1416,569000.0
2018-12-01,2018,12,5,547,538859.0
2019-01-01,2019,1,1,911,1052500.0
2019-01-01,2019,1,2,406,490000.0
2019-01-01,2019,1,3,1159,745000.0
2019-01-01,2019,1,4,1431,555000.0
2019-01-01,2019,1,5,455,525000.0
2019-02-01,2019,2,1,936,1295000.0
2019-02-01,2019,2,2,416,498229.5
2019-02-01,2019,2,3,1021,769000.0
2019-02-01,2019,2,4,1175,547000.0
2019-02-01,2019,2,5,379,521500.0
2019-03-01,2019,3,1,1013,1237500.0
2019-03-01,2019,3,2,460,431000.0
2019-03-01,2019,3,3,1159,799000.0
2019-03-01,2019,3,4,1389,545000.0
2019-03-01,2019,3,5,411,500585.0
2019-04-01,2019,4,1,1180,1275000.0
2019-04-01,2019,4,2,481,507500.0
2019-04-01,2019,4,3,1262,814800.0
2019-04-01,2019,4,4,1460,568601.0
2019-04-01,2019,4,5,428,505000.0
2019-05-01,2019,5,1,1379,1379734.0
2019-05-01,2019,5,2,498,470000.0
2019-05-01,2019,5,3,1340,800000.0
2019-05-01,2019,5,4,1541,550000.0
2019-05-01,2019,5,5,465,535000.0
2019-06-01,2019,6,1,1801,1700000.0
2019-06-01,2019,6,2,423,474050.0
2019-06-01,2019,6,3,1391,900000.0
2019-06-01,2019,6,4,1508,590000.0
2019-06-01,2019,6,5,484,523000.0
2019-07-01,2019,7,1,1100,997000.0
2019-07-01,2019,7,2,494,452926.5
2019-07-01,2019,7,3,1265,800000.0
2019-07-01,2019,7,4,1513,565000.0
2019-07-01,2019,7,5,486,539994.0
2019-08-01,2019,8,1,1115,1130000.0
2019-08-01,2019,8,2,465,485000.0
2019-08-01,2019,8,3,1312,790000.0
2019-08-01,2019,8,4,1531,590000.0
2019-08-01,2019,8,5,608,551900.0
2019-09-01,2019,9,1,1111,1120000.0
2019-09-01,2019,9,2,434,466676.0
2019-09-01,2019,9,3,1242,766000.0
2019-09-01,2019,9,4,1466,600000.0
2019-09-01,2019,9,5,423,540000.0
2019-10-01,2019,10,1,1175,1100000.0
2019-10-01,2019,10,2,465,494000.0
2019-10-01,2019,10,3,1267,800000.0
2019-10-01,2019,10,4,1649,615000.0
2019-10-01,2019,10,5,528,529000.0
2019-11-01,2019,11,1,915,1100000.0
2019-11-01,2019,11,2,387,530000.0
2019-11-01,2019,11,3,1164,806000.0
2019-11-01,2019,11,4,1355,580000.0
2019-11-01,2019,11,5,439,550000.0
2019-12-01,2019,12,1,1110,1200000.0
2019-12-01,2019,12,2,443,500000.0
2019-12-01,2019,12,3,1361,849000.0
2019-12-01,2019,12,4,1490,610000.0
2019-12-01,2019,12,5,433,525000.0
2020-01-01,2020,1,1,1121,1257539.0
2020-01-01,2020,1,2,478,486000.0
2020-01-01,2020,1,3,1329,830000.0
2020-01-01,2020,1,4,1573,629000.0
2020-01-01,2020,1,5,455,527000.0
2020-02-01,2020,2,1,1153,1285000.0
2020-02-01,2020,2,2,421,499000.0
2020-02-01,2020,2,3,1161,780000.0
2020-02-01,2020,2,4,1324,553125.0
2020-02-01,2020,2,5,431,536243.0
2020-03-01,2020,3,1,835,1182000.0
2020-03-01,2020,3,2,351,570000.0
2020-03-01,2020,3,3,1023,812665.0
2020-03-01,2020,3,4,1204,608875.0
2020-03-01,2020,3,5,354,530000.0
2020-04-01,2020,4,1,503,1290000.0
2020-04-01,2020,4,2,199,557328.0
2020-04-01,2020,4,3,604,784053.0
2020-04-01,2020,4,4,577,610950.0
2020-04-01,2020,4,5,211,570000.0
2020-05-01,2020,5,1,638,1009500.0
2020-05-01,2020,5,2,208,490000.0
2020-05-01,2020,5,3,766,800000.0
2020-05-01,2020,5,4,735,590000.0
2020-05-01,2020,5,5,272,544950.0
2020-06-01,2020,6,1,857,995000.0
2020-06-01,2020,6,2,317,500000.0
2020-06-01,2020,6,3,941,835500.0
2020-06-01,2020,6,4,953,580403.0
2020-06-01,2020,6,5,360,550000.0
2020-07-01,2020,7,1,750,1170494.0
2020-07-01,2020,7,2,385,600000.0
2020-07-01,2020,7,3,798,755000.0
2020-07-01,2020,7,4,1047,530000.0
2020-07-01,2020,7,5,321,540000.0
2020-08-01,2020,8,1,543,1080000.0
2020-08-01,2020,8,2,265,530000.0
2020-08-01,2020,8,3,757,765000.0
2020-08-01,2020,8,4,970,615000.0
2020-08-01,2020,8,5,390,530000.0
2020-09-01,2020,9,1,571,1110000.0
2020-09-01,2020,9,2,345,549000.0
2020-09-01,2020,9,3,880,810000.0
2020-09-01,2020,9,4,1177,650000.0
2020-09-01,2020,9,5,459,535000.0
2020-10-01,2020,10,1,786,1137500.0
2020-10-01,2020,10,2,355,536000.0
2020-10-01,2020,10,3,1200,850000.0
2020-10-01,2020,10,4,1292,625000.0
2020-10-01,2020,10,5,639,560000.0
2020-11-01,2020,11,1,826,1250000.0
2020-11-01,2020,11,2,684,3000468.0
2020-11-01,2020,11,3,1084,880000.0
2020-11-01,2020,11,4,1229,640000.0
2020-11-01,2020,11,5,588,564000.0
2020-12-01,2020,12,1,1088,1157500.0
2020-12-01,2020,12,2,433,535000.0
2020-12-01,2020,12,3,1491,845000.0
2020-12-01,2020,12,4,1706,650000.0
2020-12-01,2020,12,5,660,570000.0
2021-01-01,2021,1,1,910,1100000.0
2021-01-01,2021,1,2,348,525000.0
2021-01-01,2021,1,3,1227,900000.0
2021-01-01,2021,1,4,1326,630000.0
2021-01-01,2021,1,5,581,568888.0
2021-02-01,2021,2,1,985,1025000.0
2021-02-01,2021,2,2,379,500000.0
2021-02-01,2021,2,3,1258,880000.0
2021-02-01,2021,2,4,1353,650000.0
2021-02-01,2021,2,5,468,550000.0
2021-03-01,2021,3,1,1437,1150000.0
2021-03-01,2021,3,2,450,565000.0
2021-03-01,2021,3,3,1547,885000.0
2021-03-01,2021,3,4,1751,630405.0
2021-03-01,2021,3,5,598,555000.0
2021-04-01,2021,4,1,1633,1260000.0
2021-04-01,2021,4,2,413,510000.0
2021-04-01,2021,4,3,1606,885000.0
2021-04-01,2021,4,4,1513,650000.0
2021-04-01,2021,4,5,535,580000.0
2021-05-01,2021,5,1,1482,1157500.0
2021-05-01,2021,5,2,423,562500.0
2021-05-01,2021,5,3,1580,907045.0
2021-05-01,2021,5,4,1617,706000.0
2021-05-01,2021,5,5,538,590000.0
2021-06-01,2021,6,1,1989,1285000.0
2021-06-01,2021,6,2,475,598000.0
2021-06-01,2021,6,3,2011,925000.0
2021-06-01,2021,6,4,1903,672000.0
2021-06-01,2021,6,5,627,599000.0
2021-07-01,2021,7,1,1855,1295000.0
2021-07-01,2021,7,2,470,569750.0
2021-07-01,2021,7,3,1775,900000.0
2021-07-01,2021,7,4,1796,675000.0
2021-07-01,2021,7,5,638,620000.0
2021-08-01,2021,8,1,2126,1100000.0
2021-08-01,2021,8,2,479,570000.0
2021-08-01,2021,8,3,1973,945000.0
2021-08-01,2021,8,4,2020,670000.0
2021-08-01,2021,8,5,741,649900.0
2021-09-01,2021,9,1,1808,1121537.5
2021-09-01,2021,9,2,403,555000.0
2021-09-01,2021,9,3,1587,950000.0
2021-09-01,2021,9,4,1738,693839.0
2021-09-01,2021,9,5,644,609750.0
2021-10-01,2021,10,1,1888,1250000.0
2021-10-01,2021,10,2,557,689000.0
2021-10-01,2021,10,3,1638,890000.0
2021-10-01,2021,10,4,1778,693321.0
2021-10-01,2021,10,5,623,630000.0
2021-11-01,2021,11,1,1536,1265565.0
2021-11-01,2021,11,2,429,639000.0
2021-11-01,2021,11,3,1555,950000.0
2021-11-01,2021,11,4,1649,687000.0
2021-11-01,2021,11,5,590,625000.0
2021-12-01,2021,12,1,1787,1500000.0
2021-12-01,2021,12,2,574,645000.0
2021-12-01,2021,12,3,2231,1200000.0
2021-12-01,2021,12,4,1939,685000.0
2021-12-01,2021,12,5,636,606000.0
2022-01-01,2022,1,1,1458,1300000.0
2022-01-01,2022,1,2,400,645000.0
2022-01-01,2022,1,3,1561,935000.0
2022-01-01,2022,1,4,1671,685000.0
2022-01-01,2022,1,5,568,630000.0
2022-02-01,2022,2,1,1467,1274000.0
2022-02-01,2022,2,2,438,600000.0
2022-02-01,2022,2,3,1478,940000.0
2022-02-01,2022,2,4,1573,685000.0
2022-02-01,2022,2,5,470,630000.0
2022-03-01,2022,3,1,1802,1247500.0
2022-03-01,2022,3,2,460,623750.0
2022-03-01,2022,3,3,1829,955000.0
2022-03-01,2022,3,4,1873,725000.0
2022-03-01,2022,3,5,581,629865.0
2022-04-01,2022,4,1,1529,1392500.0
2022-04-01,2022,4,2,428,573000.0
2022-04-01,2022,4,3,1596,992500.0
2022-04-01,2022,4,4,1607,655000.0
2022-04-01,2022,4,5,511,650000.0
2022-05-01,2022,5,1,1739,1250000.0
2022-05-01,2022,5,2,497,610000.0
2022-05-01,2022,5,3,1699,989000.0
2022-05-01,2022,5,4,1806,685000.0
2022-05-01,2022,5,5,490,625000.0
2022-06-01,2022,6,1,1917,1300000.0
2022-06-01,2022,6,2,566,678500.0
2022-06-01,2022,6,3,1971,1050000.0
2022-06-01,2022,6,4,2002,705000.0
2022-06-01,2022,6,5,642,656500.0
2022-07-01,2022,7,1,1575,1195000.0
2022-07-01,2022,7,2,412,600000.0
2022-07-01,2022,7,3,1596,999000.0
2022-07-01,2022,7,4,1856,730000.0
2022-07-01,2022,7,5,592,672500.0
2022-08-01,2022,8,1,1791,1250000.0
2022-08-01,2022,8,2,483,670000.0
2022-08-01,2022,8,3,1648,965000.0
2022-08-01,2022,8,4,1739,670000.0
2022-08-01,2022,8,5,538,650000.0
2022-09-01,2022,9,1,1368,1269375.0
2022-09-01,2022,9,2,403,570000.0
2022-09-01,2022,9,3,1462,931000.0
2022-09-01,2022,9,4,1617,699000.0
2022-09-01,2022,9,5,444,650000.0
2022-10-01,2022,10,1,1168,1195000.0
2022-10-01,2022,10,2,378,587500.0
2022-10-01,2022,10,3,1121,938000.0
2022-10-01,2022,10,4,1372,695000.0
2022-10-01,2022,10,5,438,650000.0
2022-11-01,2022,11,1,1105,1149000.0
2022-11-01,2022,11,2,330,550000.0
2022-11-01,2022,11,3,1271,950000.0
2022-11-01,2022,11,4,1298,676000.0
2022-11-01,2022,11,5,378,632500.0
2022-12-01,2022,12,1,1083,1175000.0
2022-12-01,2022,12,2,358,600000.0
2022-12-01,2022,12,3,1243,895000.0
2022-12-01,2022,12,4,1255,710000.0
2022-12-01,2022,12,5,465,610000.0
2023-01-01,2023,1,1,910,1096846.0
2023-01-01,2023,1,2,290,562500.0
2023-01-01,2023,1,3,978,940000.0
2023-01-01,2023,1,4,1218,700000.0
2023-01-01,2023,1,5,330,602500.0
2023-02-01,2023,2,1,823,1100000.0
2023-02-01,2023,2,2,288,552500.0
2023-02-01,2023,2,3,858,881000.0
2023-02-01,2023,2,4,1136,635000.0
2023-02-01,2023,2,5,294,643500.0
2023-03-01,2023,3,1,1495,2050000.0
2023-03-01,2023,3,2,357,570000.0
2023-03-01,2023,3,3,1152,930000.0
2023-03-01,2023,3,4,1318,645000.0
2023-03-01,2023,3,5,360,600000.0
2023-04-01,2023,4,1,1013,1215000.0
2023-04-01,2023,4,2,312,642500.0
2023-04-01,2023,4,3,1001,950000.0
2023-04-01,2023,4,4,1058,650000.0
2023-04-01,2023,4,5,342,581201.5
2023-05-01,2023,5,1,1270,1275000.0
2023-05-01,2023,5,2,364,580000.0
2023-05-01,2023,5,3,1171,940000.0
2023-05-01,2023,5,4,1424,700000.0
2023-05-01,2023,5,5,435,600000.0
2023-06-01,2023,6,1,1332,1285000.0
2023-06-01,2023,6,2,398,599500.0
2023-06-01,2023,6,3,1263,976000.0
2023-06-01,2023,6,4,1453,670840.0
2023-06-01,2023,6,5,469,649900.0
2023-07-01,2023,7,1,1215,1235000.0
2023-07-01,2023,7,2,306,600424.0
2023-07-01,2023,7,3,1123,950000.0
2023-07-01,2023,7,4,1255,680000.0
2023-07-01,2023,7,5,376,639500.0
2023-08-01,2023,8,1,1386,1193176.5
2023-08-01,2023,8,2,374,605000.0
2023-08-01,2023,8,3,1443,910000.0
2023-08-01,2023,8,4,1470,660000.0
2023-08-01,2023,8,5,500,654000.0
2023-09-01,2023,9,1,1127,1145000.0
2023-09-01,2023,9,2,289,565000.0
2023-09-01,2023,9,3,1129,950000.0
2023-09-01,2023,9,4,1298,672225.0
2023-09-01,2023,9,5,390,648000.0
2023-10-01,2023,10,1,1107,1125000.0
2023-10-01,2023,10,2,350,550000.0
2023-10-01,2023,10,3,1138,942500.0
2023-10-01,2023,10,4,1426,675000.0
2023-10-01,2023,10,5,425,613000.0
2023-11-01,2023,11,1,917,1225018.0
2023-11-01,2023,11,2,317,620000.0
2023-11-01,2023,11,3,1022,895000.0
2023-11-01,2023,11,4,1231,675000.0
2023-11-01,2023,11,5,360,677000.0
2023-12-01,2023,12,1,1015,1213039.0
2023-12-01,2023,12,2,301,600000.0
2023-12-01,2023,12,3,1070,950000.0
2023-12-01,2023,12,4,1185,685000.0
2023-12-01,2023,12,5,402,650000.0
2024-01-01,2024,1,1,927,1150000.0
2024-01-01,2024,1,2,297,610000.0
2024-01-01,2024,1,3,1076,931500.0
2024-01-01,2024,1,4,1180,660000.0
2024-01-01,2024,1,5,380,650890.5
2024-02-01,2024,2,1,861,1050000.0
2024-02-01,2024,2,2,309,555000.0
2024-02-01,2024,2,3,1003,875000.0
2024-02-01,2024,2,4,1129,650000.0
2024-02-01,2024,2,5,316,587000.0
2024-03-01,2024,3,1,1032,1125000.0
2024-03-01,2024,3,2,294,499999.0
2024-03-01,2024,3,3,1052,925000.0
2024-03-01,2024,3,4,1216,650000.0
2024-03-01,2024,3,5,374,647750.0
2024-04-01,2024,4,1,1057,1200000.0
2024-04-01,2024,4,2,319,615000.0
2024-04-01,2024,4,3,1122,997442.5
2024-04-01,2024,4,4,1282,680000.0
2024-04-01,2024,4,5,337,625000.0
2024-05-01,2024,5,1,1252,1267500.0
2024-05-01,2024,5,2,370,610000.0
2024-05-01,2024,5,3,1305,975000.0
2024-05-01,2024,5,4,1431,692500.0
2024-05-01,2024,5,5,693,325000.0
2024-06-01,2024,6,1,1284,1250000.0
2024-06-01,2024,6,2,491,800000.0
2024-06-01,2024,6,3,1158,994595.5
2024-06-01,2024,6,4,1302,680000.0
2024-06-01,2024,6,5,394,679000.0
2024-07-01,2024,7,1,1294,1282500.0
2024-07-01,2024,7,2,358,590000.0
2024-07-01,2024,7,3,1272,995000.0
2024-07-01,2024,7,4,1314,702000.0
2024-07-01,2024,7,5,452,653500.0
2024-08-01,2024,8,1,1182,1100000.0
2024-08-01,2024,8,2,320,592500.0
2024-08-01,2024,8,3,1169,980000.0
2024-08-01,2024,8,4,1334,695000.0
2024-08-01,2024,8,5,434,675000.0
2024-09-01,2024,9,1,1186,1335000.0
2024-09-01,2024,9,2,364,612500.0
2024-09-01,2024,9,3,1145,930000.0
2024-09-01,2024,9,4,1341,675000.0
2024-09-01,2024,9,5,444,671250.0
2024-10-01,2024,10,1,1186,1231250.0
2024-10-01,2024,10,2,349,620000.0
2024-10-01,2024,10,3,1135,950000.0
2024-10-01,2024,10,4,1566,700000.0
2024-10-01,2024,10,5,450,695000.0
2024-11-01,2024,11,1,1004,1232500.0
2024-11-01,2024,11,2,325,646000.0
2024-11-01,2024,11,3,993,975000.0
2024-11-01,2024,11,4,1411,716000.0
2024-11-01,2024,11,5,403,714000.0
2024-12-01,2024,12,1,1149,1230000.0
2024-12-01,2024,12,2,400,722500.0
2024-12-01,2024,12,3,1241,1050000.0
2024-12-01,2024,12,4,1379,700000.0
2024-12-01,2024,12,5,429,649000.0
2025-01-01,2025,1,1,1167,1257500.0
2025-01-01,2025,1,2,359,628300.0
2025-01-01,2025,1,3,1178,1062500.0
2025-01-01,2025,1,4,1407,677004.0
2025-01-01,2025,1,5,380,696803.0
2025-02-01,2025,2,1,1158,1417469.0
2025-02-01,2025,2,2,319,587000.0
2025-02-01,2025,2,3,1004,990000.0
2025-02-01,2025,2,4,1190,707500.0
2025-02-01,2025,2,5,326,699999.5
2025-03-01,2025,3,1,1168,1297500.0
2025-03-01,2025,3,2,463,750000.0
2025-03-01,2025,3,3,1199,1017232.0
2025-03-01,2025,3,4,1287,689000.0
2025-03-01,2025,3,5,376,650000.0
2025-04-01,2025,4,1,1176,1250000.0
2025-04-01,2025,4,2,322,600000.0
2025-04-01,2025,4,3,1124,999000.0
2025-04-01,2025,4,4,1369,699000.0
2025-04-01,2025,4,5,345,680000.0
2025-05-01,2025,5,1,1221,1300000.0
2025-05-01,2025,5,2,381,685000.0
2025-05-01,2025,5,3,1192,995000.0
2025-05-01,2025,5,4,1594,750000.0
2025-05-01,2025,5,5,363,695000.0
2025-06-01,2025,6,1,1418,1250000.0
2025-06-01,2025,6,2,352,635500.0
2025-06-01,2025,6,3,1272,990000.0
2025-06-01,2025,6,4,1331,700000.0
2025-06-01,2025,6,5,408,716000.0
2025-07-01,2025,7,1,1447,1298269.0
2025-07-01,2025,7,2,372,670825.0
2025-07-01,2025,7,3,1292,1025000.0
2025-07-01,2025,7,4,1387,718500.0
2025-07-01,2025,7,5,430,710000.0
2025-08-01,2025,8,1,1376,1205475.0
2025-08-01,2025,8,2,363,610000.0
2025-08-01,2025,8,3,1297,1125000.0
2025-08-01,2025,8,4,1338,719030.5
2025-08-01,2025,8,5,415,725000.0
2025-09-01,2025,9,1,1328,1100000.0
2025-09-01,2025,9,2,376,700000.0
2025-09-01,2025,9,3,1320,1100000.0
2025-09-01,2025,9,4,1394,740000.0
2025-09-01,2025,9,5,389,700000.0
2025-10-01,2025,10,1,1538,1692500.0
2025-10-01,2025,10,2,362,679500.0
2025-10-01,2025,10,3,1133,963050.0
2025-10-01,2025,10,4,1465,751306.0
2025-10-01,2025,10,5,458,700000.0
2025-11-01,2025,11,1,981,1214778.0
2025-11-01,2025,11,2,333,729000.0
2025-11-01,2025,11,3,1040,996000.0
2025-11-01,2025,11,4,1273,702811.0
2025-11-01,2025,11,5,355,740000.0
2025-12-01,2025,12,1,1280,1350000.0
2025-12-01,2025,12,2,421,650000.0
2025-12-01,2025,12,3,1250,999999.0
2025-12-01,2025,12,4,1514,750000.0
2025-12-01,2025,12,5,453,750000.0
